circuitId,circuit_name,location,country,lat,lng,race_count,first_year,last_year,is_australia
25,Autódromo Juan y Oscar Gálvez,Buenos Aires,Argentina,-34.6943,-58.4593,20,1953,1998,false
29,Adelaide Street Circuit,Adelaide,Australia,-34.9272,138.617,11,1985,1995,true
1,Albert Park Grand Prix Circuit,Melbourne,Australia,-37.8497,144.968,27,1996,2024,true
70,Red Bull Ring,Spielberg,Austria,47.2197,14.7647,38,1970,2024,false
57,Zeltweg,Styria,Austria,47.2039,14.7478,1,1964,1964,false
73,Baku City Circuit,Baku,Azerbaijan,40.3725,49.8533,8,2016,2024,false
3,Bahrain International Circuit,Sakhir,Bahrain,26.0325,50.5106,21,2004,2024,false
50,Nivelles-Baulers,Brussels,Belgium,50.6211,4.32694,2,1972,1974,false
40,Zolder,Heusden-Zolder,Belgium,50.9894,5.25694,10,1973,1984,false
13,Circuit de Spa-Francorchamps,Spa,Belgium,50.4372,5.97139,57,1950,2024,false
36,Autódromo Internacional Nelson Piquet,Rio de Janeiro,Brazil,-22.9756,-43.395,10,1978,1989,false
18,Autódromo José Carlos Pace,São Paulo,Brazil,-23.7036,-46.6997,41,1973,2024,false
7,Circuit Gilles Villeneuve,Montreal,Canada,45.5,-73.5228,43,1978,2024,false
48,Mosport International Raceway,Ontario,Canada,44.0481,-78.6756,8,1967,1977,false
52,Circuit Mont-Tremblant,Quebec,Canada,46.1877,-74.6099,2,1968,1970,false
17,Shanghai International Circuit,Shanghai,China,31.3389,121.22,17,2004,2024,false
51,Charade Circuit,Clermont-Ferrand,France,45.7472,3.03889,4,1965,1972,false
41,Dijon-Prenois,Dijon,France,47.3625,4.89913,6,1974,1984,false
34,Circuit Paul Ricard,Le Castellet,France,43.2506,5.79167,18,1971,2022,false
54,Le Mans,Le Mans,France,47.95,0.224231,1,1967,1967,false
8,Circuit de Nevers Magny-Cours,Magny Cours,France,46.8642,3.16361,18,1991,2008,false
55,Reims-Gueux,Reims,France,49.2542,3.93083,11,1950,1966,false
53,Rouen-Les-Essarts,Rouen,France,49.3306,1.00458,5,1952,1968,false
61,AVUS,Berlin,Germany,52.4806,13.2514,1,1959,1959,false
10,Hockenheimring,Hockenheim,Germany,49.3278,8.56583,37,1970,2019,false
20,Nürburgring,Nürburg,Germany,50.3356,6.9475,41,1951,2020,false
11,Hungaroring,Budapest,Hungary,47.5789,19.2486,39,1986,2024,false
68,Buddh International Circuit,Uttar Pradesh,India,28.3487,77.5331,3,2011,2013,false
21,Autodromo Enzo e Dino Ferrari,Imola,Italy,44.3439,11.7167,31,1980,2024,false
14,Autodromo Nazionale di Monza,Monza,Italy,45.6156,9.28111,74,1950,2024,false
76,Autodromo Internazionale del Mugello,Mugello,Italy,43.9975,11.3719,1,2020,2020,false
65,Pescara Circuit,Pescara,Italy,42.475,14.1508,1,1957,1957,false
28,Okayama International Circuit,Okayama,Japan,34.915,134.221,2,1994,1995,false
16,Fuji Speedway,Oyama,Japan,35.3717,138.927,4,1976,2008,false
22,Suzuka Circuit,Suzuka,Japan,34.8431,136.541,34,1987,2024,false
35,Korean International Circuit,Yeongam County,Korea,34.7333,126.417,4,2010,2013,false
2,Sepang International Circuit,Kuala Lumpur,Malaysia,2.76083,101.738,19,1999,2017,false
32,Autódromo Hermanos Rodríguez,Mexico City,Mexico,19.4042,-99.0907,24,1963,2024,false
6,Circuit de Monaco,Monte-Carlo,Monaco,43.7347,7.42056,70,1950,2024,false
64,Ain Diab,Casablanca,Morocco,33.5786,-7.6875,1,1958,1958,false
39,Circuit Park Zandvoort,Zandvoort,Netherlands,52.3888,4.54092,34,1952,2024,false
27,Autódromo do Estoril,Estoril,Portugal,38.7506,-9.39417,13,1984,1996,false
62,Monsanto Park Circuit,Lisbon,Portugal,38.7197,-9.20306,1,1959,1959,false
59,Circuito da Boavista,Oporto,Portugal,41.1705,-8.67325,2,1958,1960,false
75,Autódromo Internacional do Algarve,Portimão,Portugal,37.227,-8.6267,2,2020,2021,false
78,Losail International Circuit,Al Daayen,Qatar,25.49,51.4542,3,2021,2024,false
71,Sochi Autodrom,Sochi,Russia,43.4057,39.9578,8,2014,2021,false
77,Jeddah Corniche Circuit,Jeddah,Saudi Arabia,21.6319,39.1044,4,2021,2024,false
15,Marina Bay Street Circuit,Marina Bay,Singapore,1.2914,103.864,15,2008,2024,false
56,Prince George Circuit,Eastern Cape Province,South Africa,-33.0486,27.8736,3,1962,1965,false
30,Kyalami,Midrand,South Africa,-25.9894,28.0767,20,1967,1993,false
67,Circuit de Pedralbes,Barcelona,Spain,41.3903,2.11667,2,1951,1954,false
49,Montjuïc,Barcelona,Spain,41.3664,2.15167,4,1969,1975,false
26,Circuito de Jerez,Jerez de la Frontera,Spain,36.7083,-6.03417,7,1986,1997,false
45,Jarama,Madrid,Spain,40.6171,-3.58558,9,1968,1981,false
4,Circuit de Barcelona-Catalunya,Montmeló,Spain,41.57,2.26111,34,1991,2024,false
12,Valencia Street Circuit,Valencia,Spain,39.4589,-0.331667,5,2008,2012,false
47,Scandinavian Raceway,Anderstorp,Sweden,57.2653,13.6042,6,1973,1978,false
66,Circuit Bremgarten,Bern,Switzerland,46.9589,7.40194,5,1950,1954,false
5,Istanbul Park,Istanbul,Turkey,40.9517,29.405,9,2005,2021,false
24,Yas Marina Circuit,Abu Dhabi,UAE,24.4672,54.6031,16,2009,2024,false
31,Donington Park,Castle Donington,UK,52.8306,-1.37528,1,1993,1993,false
38,Brands Hatch,Kent,UK,51.3569,0.263056,14,1964,1986,false
58,Aintree,Liverpool,UK,53.4769,-2.94056,5,1955,1962,false
9,Silverstone Circuit,Silverstone,UK,52.0786,-1.01694,59,1950,2024,false
69,Circuit of the Americas,Austin,USA,30.1328,-97.6411,12,2012,2024,false
43,Long Beach,California,USA,33.7651,-118.189,8,1976,1983,false
60,Riverside International Raceway,California,USA,33.937,-117.273,1,1960,1960,false
42,Fair Park,Dallas,USA,32.7774,-96.7587,1,1984,1984,false
37,Detroit Street Circuit,Detroit,USA,42.3298,-83.0401,7,1982,1988,false
63,Sebring International Raceway,Florida,USA,27.4547,-81.3483,1,1959,1959,false
19,Indianapolis Motor Speedway,Indianapolis,USA,39.795,-86.2347,19,1950,2007,false
79,Miami International Autodrome,Miami,USA,25.9581,-80.2389,3,2022,2024,false
44,Las Vegas Street Circuit,Nevada,USA,36.1162,-115.174,2,1981,1982,false
46,Watkins Glen,New York State,USA,42.3369,-76.9272,20,1961,1980,false
33,Phoenix street circuit,Phoenix,USA,33.4479,-112.075,3,1989,1991,false
80,Las Vegas Strip Street Circuit,Las Vegas,United States,36.1147,-115.173,2,2023,2024,false
